application_id,resume_skills,jd_skills
a0000,"['statistics', 'machine learning', 'python', 'sql', 'javascript']","['backend', 'statistics', 'data structures', 'python', 'sql', 'javascript']"
a0001,"['statistics', 'data structures', 'machine learning', 'python', 'sql', 'javascript']","['ai', 'statistics', 'data structures', 'machine learning', 'python', 'sql']"
a0002,"['statistics', 'data structures', 'machine learning', 'python', 'sql', 'javascript']","['statistics', 'data structures', 'machine learning', 'python', 'sql']"
a0003,"['ai', 'statistics', 'data structures', 'machine learning', 'python', 'sql', 'javascript']","['ai', 'statistics', 'data structures', 'python', 'sql', 'javascript']"
a0004,"['statistics', 'data structures', 'machine learning', 'python', 'sql', 'javascript']","['ai', 'statistics', 'machine learning', 'python', 'javascript']"
a0005,"['statistics', 'data structures', 'machine learning', 'python', 'sql', 'javascript']","['backend', 'statistics', 'data structures', 'machine learning', 'python', 'sql', 'javascript']"
a0006,"['statistics', 'machine learning', 'python', 'sql', 'javascript']","['ai', 'statistics', 'data structures', 'machine learning', 'javascript']"
a0007,"['statistics', 'data structures', 'machine learning', 'python', 'sql', 'javascript']","['python', 'javascript']"
a0008,"['ai', 'statistics', 'data structures', 'machine learning', 'python', 'sql', 'javascript']","['ai', 'data structures', 'machine learning', 'python', 'javascript']"
a0009,"['statistics', 'data structures', 'machine learning', 'python', 'sql', 'javascript']","['data structures', 'machine learning', 'python', 'sql', 'javascript']"
a0010,"['statistics', 'data structures', 'machine learning', 'python', 'sql', 'javascript']","['statistics', 'data structures', 'machine learning', 'python', 'sql', 'javascript']"
a0011,"['statistics', 'data structures', 'machine learning', 'python', 'sql', 'javascript']","['ai', 'statistics', 'python', 'sql', 'javascript']"
a0012,"['statistics', 'data structures', 'machine learning', 'python', 'sql', 'javascript']","['statistics', 'data structures', 'machine learning', 'python', 'sql']"
a0013,"['statistics', 'data structures', 'machine learning', 'python', 'sql', 'javascript']","['python', 'javascript']"
a0014,"['statistics', 'machine learning', 'python', 'sql']","['statistics', 'data structures', 'machine learning', 'sql', 'javascript']"
a0015,"['ai', 'statistics', 'data structures', 'machine learning', 'python', 'sql', 'javascript']","['data structures', 'machine learning', 'sql', 'javascript']"
a0016,"['statistics', 'data structures', 'machine learning', 'python', 'sql', 'javascript']","['statistics', 'data structures', 'python']"
a0017,"['ai', 'statistics', 'data structures', 'machine learning', 'python', 'sql', 'javascript']","['cloud', 'machine learning', 'python', 'javascript']"
a0018,"['statistics', 'data structures', 'machine learning', 'python', 'sql', 'javascript']","['ai', 'data structures', 'sql']"
a0019,"['statistics', 'data structures', 'machine learning', 'python', 'sql', 'javascript']","['statistics', 'data structures', 'python', 'sql', 'javascript']"
a0020,"['ai', 'statistics', 'data structures', 'machine learning', 'python', 'sql', 'javascript']","['statistics', 'data structures', 'machine learning', 'python', 'sql', 'javascript']"
a0021,"['ai', 'statistics', 'data structures', 'machine learning', 'python', 'sql', 'javascript']","['statistics', 'data structures', 'python', 'sql']"
a0022,"['statistics', 'data structures', 'machine learning', 'python', 'sql', 'javascript']","['ai', 'statistics', 'python', 'javascript']"
a0023,"['statistics', 'data structures', 'machine learning', 'python', 'sql', 'javascript']","['ai', 'statistics', 'data structures', 'machine learning', 'python', 'javascript']"
a0024,"['statistics', 'data structures', 'machine learning', 'python', 'sql', 'javascript']","['statistics', 'data structures', 'machine learning', 'python', 'javascript']"
a0025,"['ai', 'statistics', 'data structures', 'machine learning', 'python', 'sql', 'javascript']","['statistics', 'data structures', 'machine learning', 'python', 'sql', 'javascript']"
a0026,"['statistics', 'data structures', 'machine learning', 'python', 'sql', 'javascript']","['ai', 'data structures', 'sql']"
a0027,"['statistics', 'data structures', 'machine learning', 'python', 'sql', 'javascript']","['statistics', 'data structures', 'machine learning', 'python', 'javascript']"
a0028,"['ai', 'statistics', 'data structures', 'machine learning', 'python', 'sql', 'javascript']","['backend', 'statistics', 'data structures', 'machine learning', 'python', 'sql', 'javascript']"
a0029,"['ai', 'statistics', 'data structures', 'machine learning', 'python', 'sql', 'javascript']","['backend', 'statistics', 'data structures', 'python', 'sql', 'javascript']"
a0030,"['statistics', 'data structures', 'machine learning', 'python', 'sql', 'javascript']","['statistics', 'data structures', 'machine learning', 'python', 'sql']"
a0031,"['ai', 'statistics', 'data structures', 'machine learning', 'python', 'sql', 'javascript']","['statistics', 'data structures', 'machine learning', 'python', 'sql']"
a0032,"['ai', 'statistics', 'data structures', 'machine learning', 'python', 'sql', 'javascript']","['ai', 'statistics', 'data structures', 'machine learning', 'python', 'javascript']"
a0033,"['statistics', 'data structures', 'machine learning', 'python', 'sql', 'javascript']","['cloud', 'machine learning', 'python', 'javascript']"
a0034,"['statistics', 'data structures', 'machine learning', 'python', 'sql', 'javascript']","['ai', 'statistics', 'data structures', 'machine learning', 'python', 'sql']"
a0035,"['ai', 'statistics', 'data structures', 'machine learning', 'python', 'sql', 'javascript']","['data structures', 'machine learning', 'python', 'sql', 'javascript']"
a0036,"['statistics', 'data structures', 'machine learning', 'python', 'sql', 'javascript']","['statistics', 'data structures', 'machine learning', 'sql', 'javascript']"
a0037,"['ai', 'statistics', 'data structures', 'python', 'sql', 'javascript']","['data structures', 'machine learning', 'python', 'sql', 'javascript']"
a0038,"['statistics', 'data structures', 'machine learning', 'python', 'sql', 'javascript']","['ai', 'statistics', 'python', 'javascript']"
a0039,"['statistics', 'data structures', 'machine learning', 'python', 'sql', 'javascript']","['ai', 'javascript']"
a0040,"['statistics', 'data structures', 'machine learning', 'python', 'sql', 'javascript']","['statistics', 'data structures', 'machine learning', 'python', 'javascript']"
a0041,"['ai', 'statistics', 'data structures', 'machine learning', 'python', 'sql', 'javascript']","['ai', 'statistics', 'machine learning', 'python', 'javascript']"
a0042,"['statistics', 'data structures', 'machine learning', 'python', 'javascript']","['data structures', 'machine learning', 'sql', 'javascript']"
a0043,"['data structures', 'machine learning', 'python', 'sql', 'javascript']","['ai', 'statistics', 'data structures', 'machine learning', 'sql', 'javascript']"
a0044,"['ai', 'statistics', 'data structures', 'machine learning', 'python', 'sql', 'javascript']","['statistics', 'data structures', 'machine learning', 'python', 'sql']"
a0045,"['statistics', 'data structures', 'machine learning', 'python', 'sql', 'javascript']","['data structures', 'machine learning', 'python', 'sql', 'javascript']"
a0046,"['statistics', 'machine learning', 'python', 'sql', 'javascript']","['data structures', 'python', 'sql', 'javascript']"
a0047,"['statistics', 'data structures', 'machine learning', 'python', 'sql', 'javascript']","['ai', 'statistics', 'machine learning', 'python', 'javascript']"
a0048,"['statistics', 'data structures', 'machine learning', 'python', 'sql', 'javascript']","['statistics', 'data structures', 'machine learning', 'python', 'sql']"
a0049,"['statistics', 'data structures', 'machine learning', 'python', 'sql', 'javascript']","['statistics', 'data structures', 'machine learning', 'python', 'sql']"
a0050,"['statistics', 'data structures', 'machine learning', 'python', 'sql', 'javascript']","['backend', 'data structures', 'machine learning', 'python', 'sql', 'javascript']"
a0051,"['statistics', 'data structures', 'machine learning', 'python', 'sql', 'javascript']","['ai', 'statistics', 'data structures', 'machine learning', 'python', 'sql']"
a0052,"['statistics', 'data structures', 'machine learning', 'python', 'sql', 'javascript']","['ai', 'data structures', 'machine learning', 'python', 'javascript']"
a0053,"['statistics', 'data structures', 'machine learning', 'python', 'sql', 'javascript']","['statistics', 'data structures', 'machine learning', 'python', 'javascript']"
a0054,"['statistics', 'data structures', 'machine learning', 'python', 'sql', 'javascript']","['ai', 'statistics', 'data structures', 'machine learning', 'python', 'sql']"
a0055,"['statistics', 'data structures', 'machine learning', 'python', 'sql', 'javascript']","['backend', 'statistics', 'data structures', 'machine learning', 'python', 'sql', 'javascript']"
a0056,"['data structures', 'machine learning', 'python', 'sql', 'javascript']","['backend', 'statistics', 'data structures', 'machine learning', 'python', 'sql', 'javascript']"
a0057,"['statistics', 'machine learning', 'python', 'sql', 'javascript']","['statistics', 'data structures', 'machine learning', 'python', 'sql']"
a0058,"['statistics', 'data structures', 'machine learning', 'python', 'sql', 'javascript']","['ai', 'data structures', 'machine learning', 'python', 'javascript']"
a0059,"['statistics', 'data structures', 'machine learning', 'python', 'sql', 'javascript']","['statistics', 'data structures', 'machine learning', 'python', 'sql', 'javascript']"
a0060,"['ai', 'statistics', 'data structures', 'machine learning', 'python', 'sql', 'javascript']","['statistics', 'python', 'sql']"
a0061,"['statistics', 'data structures', 'machine learning', 'python', 'javascript']","['ai', 'data structures', 'machine learning', 'sql']"
a0062,"['statistics', 'data structures', 'machine learning', 'python', 'sql', 'javascript']","['statistics', 'data structures', 'machine learning', 'python', 'sql']"
a0063,"['ai', 'statistics', 'data structures', 'machine learning', 'python', 'sql', 'javascript']","['statistics', 'data structures', 'machine learning', 'python', 'sql', 'javascript']"
a0064,"['statistics', 'data structures', 'machine learning', 'python', 'sql', 'javascript']","['ai', 'statistics', 'python', 'sql', 'javascript']"
a0065,"['statistics', 'data structures', 'machine learning', 'python', 'sql', 'javascript']","['ai', 'javascript']"
a0066,"['statistics', 'data structures', 'machine learning', 'python', 'sql', 'javascript']","['backend', 'statistics', 'data structures', 'python', 'sql', 'javascript']"
a0067,"['statistics', 'data structures', 'machine learning', 'sql', 'javascript']","['backend', 'statistics', 'data structures', 'machine learning', 'python', 'sql', 'javascript']"
a0068,"['ai', 'statistics', 'data structures', 'machine learning', 'python', 'sql', 'javascript']","['ai', 'statistics', 'data structures', 'machine learning', 'python', 'sql']"
a0069,"['statistics', 'data structures', 'python', 'sql', 'javascript']","['statistics', 'data structures', 'machine learning', 'python', 'sql']"
a0070,"['statistics', 'data structures', 'machine learning', 'python', 'sql', 'javascript']","['data structures', 'python', 'sql', 'javascript']"
a0071,"['statistics', 'data structures', 'machine learning', 'python', 'sql', 'javascript']","['backend', 'statistics', 'data structures', 'python', 'sql', 'javascript']"
a0072,"['statistics', 'data structures', 'machine learning', 'python', 'sql', 'javascript']","['statistics', 'data structures', 'python']"
a0073,"['ai', 'statistics', 'data structures', 'machine learning', 'python', 'sql', 'javascript']","['ai', 'statistics', 'data structures', 'machine learning', 'python', 'sql']"
a0074,"['statistics', 'machine learning', 'python', 'sql', 'javascript']","['statistics', 'data structures', 'machine learning', 'python', 'sql']"
a0075,"['statistics', 'data structures', 'machine learning', 'python', 'sql', 'javascript']","['ai', 'statistics', 'data structures', 'machine learning', 'sql', 'javascript']"
a0076,"['statistics', 'data structures', 'machine learning', 'python', 'sql', 'javascript']","['statistics', 'data structures', 'python', 'sql']"
a0077,"['statistics', 'data structures', 'machine learning', 'python', 'sql', 'javascript']","['backend', 'statistics', 'data structures', 'machine learning', 'python', 'sql', 'javascript']"
a0078,"['statistics', 'data structures', 'machine learning', 'python', 'sql', 'javascript']","['ai', 'statistics', 'data structures', 'machine learning', 'javascript']"
a0079,"['statistics', 'data structures', 'machine learning', 'python', 'sql', 'javascript']","['ai', 'statistics', 'data structures', 'machine learning', 'python', 'sql']"
a0080,"['statistics', 'data structures', 'machine learning', 'python', 'sql', 'javascript']","['statistics', 'data structures', 'machine learning', 'sql', 'javascript']"
a0081,"['statistics', 'data structures', 'machine learning', 'python', 'sql', 'javascript']","['backend', 'statistics', 'data structures', 'python', 'sql', 'javascript']"
a0082,"['ai', 'statistics', 'data structures', 'machine learning', 'python', 'sql', 'javascript']","['backend', 'statistics', 'data structures', 'machine learning', 'python', 'sql', 'javascript']"
a0083,"['statistics', 'data structures', 'machine learning', 'python', 'sql', 'javascript']","['cloud', 'machine learning', 'python', 'javascript']"
a0084,"['statistics', 'data structures', 'machine learning', 'python', 'sql', 'javascript']","['backend', 'data structures', 'machine learning', 'python', 'sql', 'javascript']"
a0085,"['statistics', 'data structures', 'machine learning', 'python', 'sql', 'javascript']","['data structures', 'machine learning', 'python', 'sql', 'javascript']"
a0086,"['statistics', 'data structures', 'machine learning', 'python', 'sql', 'javascript']","['python', 'javascript']"
a0087,"['statistics', 'data structures', 'machine learning', 'python', 'sql', 'javascript']","['statistics', 'data structures', 'machine learning', 'python', 'javascript']"
a0088,"['statistics', 'data structures', 'machine learning', 'python', 'sql', 'javascript']","['cloud', 'machine learning', 'python', 'javascript']"
a0089,"['statistics', 'data structures', 'python', 'sql', 'javascript']","['statistics', 'data structures', 'machine learning', 'sql', 'javascript']"
a0090,"['statistics', 'data structures', 'machine learning', 'python', 'sql', 'javascript']","['ai', 'statistics', 'data structures', 'machine learning', 'javascript']"
a0091,"['statistics', 'data structures', 'machine learning', 'python', 'sql', 'javascript']","['ai', 'data structures', 'machine learning', 'python', 'javascript']"
a0092,"['statistics', 'data structures', 'machine learning', 'python', 'sql', 'javascript']","['statistics', 'data structures', 'python', 'sql', 'javascript']"
a0093,"['statistics', 'data structures', 'machine learning', 'python', 'sql', 'javascript']","['statistics', 'data structures', 'machine learning', 'python', 'sql']"
a0094,"['statistics', 'data structures', 'machine learning', 'python', 'sql', 'javascript']","['statistics', 'python', 'sql']"
a0095,"['statistics', 'data structures', 'machine learning', 'python', 'sql', 'javascript']","['statistics', 'data structures', 'machine learning', 'python', 'sql']"
a0096,"['statistics', 'data structures', 'machine learning', 'python', 'sql', 'javascript']","['cloud', 'machine learning', 'python', 'javascript']"
a0097,"['statistics', 'data structures', 'machine learning', 'python', 'sql', 'javascript']","['statistics', 'data structures', 'python', 'sql', 'javascript']"
a0098,"['statistics', 'data structures', 'machine learning', 'python', 'sql', 'javascript']","['ai', 'data structures', 'machine learning', 'python', 'javascript']"
a0099,"['ai', 'statistics', 'data structures', 'machine learning', 'python', 'sql', 'javascript']","['statistics', 'data structures', 'machine learning', 'python', 'sql']"
a0100,"['statistics', 'data structures', 'machine learning', 'python', 'sql', 'javascript']","['ai', 'data structures', 'machine learning', 'sql']"
a0101,"['statistics', 'data structures', 'machine learning', 'python', 'sql', 'javascript']","['statistics', 'data structures', 'machine learning', 'sql', 'javascript']"
a0102,"['statistics', 'data structures', 'machine learning', 'python', 'sql', 'javascript']","['ai', 'statistics', 'python', 'javascript']"
a0103,"['statistics', 'data structures', 'machine learning', 'python', 'sql', 'javascript']","['python', 'javascript']"
a0104,"['statistics', 'machine learning', 'python', 'sql', 'javascript']","['data structures', 'machine learning', 'sql', 'javascript']"
a0105,"['statistics', 'data structures', 'machine learning', 'python', 'sql', 'javascript']","['statistics', 'data structures', 'machine learning', 'python', 'sql']"
a0106,"['statistics', 'data structures', 'python', 'sql', 'javascript']","['backend', 'statistics', 'data structures', 'machine learning', 'python', 'sql', 'javascript']"
a0107,"['statistics', 'data structures', 'machine learning', 'python', 'sql', 'javascript']","['statistics', 'data structures', 'machine learning', 'python', 'sql']"
a0108,"['ai', 'statistics', 'data structures', 'machine learning', 'python', 'sql', 'javascript']","['ai', 'statistics', 'data structures', 'machine learning', 'python', 'sql']"
a0109,"['ai', 'statistics', 'data structures', 'machine learning', 'python', 'sql', 'javascript']","['statistics', 'data structures', 'machine learning', 'python', 'javascript']"
a0110,"['statistics', 'machine learning', 'python', 'javascript']","['statistics', 'data structures', 'machine learning', 'sql', 'javascript']"
a0111,"['statistics', 'data structures', 'machine learning', 'python', 'sql', 'javascript']","['ai', 'data structures', 'machine learning', 'sql']"
a0112,"['statistics', 'data structures', 'machine learning', 'python', 'sql', 'javascript']","['backend', 'statistics', 'data structures', 'python', 'sql', 'javascript']"
a0113,"['statistics', 'data structures', 'machine learning', 'python', 'javascript']","['ai', 'statistics', 'data structures', 'python', 'sql', 'javascript']"
a0114,"['statistics', 'data structures', 'machine learning', 'python', 'sql', 'javascript']","['statistics', 'data structures', 'machine learning', 'python', 'sql']"
a0115,"['statistics', 'data structures', 'machine learning', 'python', 'sql', 'javascript']","['ai', 'statistics', 'data structures', 'machine learning', 'python', 'sql']"
a0116,"['statistics', 'data structures', 'machine learning', 'python', 'sql', 'javascript']","['backend', 'statistics', 'data structures', 'machine learning', 'python', 'sql', 'javascript']"
a0117,"['ai', 'statistics', 'data structures', 'machine learning', 'python', 'sql', 'javascript']","['statistics', 'data structures', 'python']"
a0118,"['statistics', 'data structures', 'machine learning', 'python', 'sql', 'javascript']","['statistics', 'data structures', 'machine learning', 'python', 'javascript']"
a0119,"['statistics', 'data structures', 'machine learning', 'python', 'sql', 'javascript']","['cloud', 'machine learning', 'python', 'javascript']"
a0120,"['statistics', 'data structures', 'machine learning', 'python', 'sql', 'javascript']","['ai', 'data structures', 'machine learning', 'sql']"
a0121,"['ai', 'statistics', 'data structures', 'machine learning', 'python', 'sql', 'javascript']","['statistics', 'python', 'sql']"
a0122,"['statistics', 'data structures', 'machine learning', 'python', 'sql', 'javascript']","['statistics', 'data structures', 'python', 'sql', 'javascript']"
a0123,"['statistics', 'data structures', 'machine learning', 'python', 'sql']","['statistics', 'data structures', 'machine learning', 'python', 'sql', 'javascript']"
a0124,"['statistics', 'data structures', 'machine learning', 'python', 'sql', 'javascript']","['statistics', 'data structures', 'machine learning', 'sql', 'javascript']"
a0125,"['statistics', 'machine learning', 'python', 'sql', 'javascript']","['backend', 'statistics', 'data structures', 'machine learning', 'python', 'sql', 'javascript']"
a0126,"['statistics', 'data structures', 'machine learning', 'python', 'sql', 'javascript']","['ai', 'statistics', 'data structures', 'python', 'sql', 'javascript']"
a0127,"['statistics', 'data structures', 'machine learning', 'python', 'sql', 'javascript']","['statistics', 'data structures', 'machine learning', 'sql', 'javascript']"
a0128,"['statistics', 'data structures', 'machine learning', 'python', 'sql', 'javascript']","['data structures', 'machine learning', 'sql', 'javascript']"
a0129,"['statistics', 'data structures', 'machine learning', 'python', 'sql', 'javascript']","['python', 'javascript']"
a0130,"['statistics', 'data structures', 'machine learning', 'python', 'sql', 'javascript']","['ai', 'data structures', 'sql']"
a0131,"['statistics', 'data structures', 'machine learning', 'python', 'sql', 'javascript']","['ai', 'statistics', 'data structures', 'machine learning', 'sql', 'javascript']"
a0132,"['statistics', 'data structures', 'machine learning', 'python', 'sql', 'javascript']","['ai', 'data structures', 'sql']"
a0133,"['statistics', 'data structures', 'machine learning', 'python', 'sql', 'javascript']","['statistics', 'python', 'sql']"
a0134,"['statistics', 'data structures', 'machine learning', 'python', 'sql', 'javascript']","['statistics', 'data structures', 'machine learning', 'python', 'sql', 'javascript']"
a0135,"['statistics', 'data structures', 'machine learning', 'python', 'sql', 'javascript']","['ai', 'statistics', 'data structures', 'machine learning', 'sql', 'javascript']"
a0136,"['statistics', 'data structures', 'machine learning', 'python', 'sql', 'javascript']","['ai', 'statistics', 'data structures', 'python', 'sql', 'javascript']"
a0137,"['statistics', 'data structures', 'machine learning', 'python', 'sql', 'javascript']","['cloud', 'machine learning', 'python', 'javascript']"
a0138,"['statistics', 'data structures', 'machine learning', 'python', 'sql', 'javascript']","['backend', 'data structures', 'machine learning', 'python', 'sql', 'javascript']"
a0139,"['statistics', 'data structures', 'machine learning', 'python', 'javascript']","['ai', 'statistics', 'data structures', 'python', 'sql', 'javascript']"
a0140,"['ai', 'statistics', 'data structures', 'machine learning', 'python', 'sql', 'javascript']","['ai', 'statistics', 'data structures', 'machine learning', 'python', 'sql']"
a0141,"['statistics', 'machine learning', 'python', 'sql', 'javascript']","['data structures', 'python', 'sql', 'javascript']"
a0142,"['statistics', 'data structures', 'machine learning', 'python', 'sql', 'javascript']","['ai', 'data structures', 'machine learning', 'python', 'javascript']"
a0143,"['statistics', 'data structures', 'machine learning', 'python', 'sql', 'javascript']","['data structures', 'machine learning', 'sql', 'javascript']"
a0144,"['statistics', 'data structures', 'machine learning', 'python', 'sql', 'javascript']","['cloud', 'machine learning', 'python', 'javascript']"
a0145,"['ai', 'statistics', 'data structures', 'machine learning', 'python', 'sql', 'javascript']","['statistics', 'data structures', 'machine learning', 'python', 'sql']"
a0146,"['statistics', 'data structures', 'machine learning', 'python', 'sql', 'javascript']","['backend', 'statistics', 'data structures', 'machine learning', 'python', 'sql', 'javascript']"
a0147,"['statistics', 'data structures', 'machine learning', 'python', 'sql', 'javascript']","['ai', 'statistics', 'data structures', 'machine learning', 'python', 'javascript']"
a0148,"['ai', 'statistics', 'data structures', 'machine learning', 'python', 'sql', 'javascript']","['statistics', 'python', 'sql']"
a0149,"['statistics', 'data structures', 'machine learning', 'python', 'javascript']","['backend', 'statistics', 'data structures', 'machine learning', 'python', 'sql', 'javascript']"
a0150,"['statistics', 'data structures', 'machine learning', 'python', 'sql', 'javascript']","['backend', 'statistics', 'data structures', 'machine learning', 'python', 'sql', 'javascript']"
a0151,"['statistics', 'data structures', 'machine learning', 'sql', 'javascript']","['statistics', 'data structures', 'machine learning', 'sql', 'javascript']"
a0152,"['statistics', 'data structures', 'machine learning', 'python', 'sql', 'javascript']","['cloud', 'machine learning', 'python', 'javascript']"
a0153,"['statistics', 'data structures', 'machine learning', 'python', 'sql', 'javascript']","['statistics', 'data structures', 'machine learning', 'python', 'sql', 'javascript']"
a0154,"['statistics', 'data structures', 'machine learning', 'python', 'sql', 'javascript']","['ai', 'data structures', 'sql']"
a0155,"['statistics', 'machine learning', 'python', 'sql', 'javascript']","['backend', 'statistics', 'data structures', 'python', 'sql', 'javascript']"
a0156,"['statistics', 'data structures', 'machine learning', 'python', 'sql', 'javascript']","['ai', 'statistics', 'data structures', 'python', 'sql', 'javascript']"
a0157,"['statistics', 'data structures', 'machine learning', 'python', 'javascript']","['backend', 'statistics', 'data structures', 'machine learning', 'python', 'sql', 'javascript']"
a0158,"['statistics', 'data structures', 'machine learning', 'python', 'sql', 'javascript']","['statistics', 'data structures', 'machine learning', 'python', 'sql', 'javascript']"
a0159,"['statistics', 'data structures', 'machine learning', 'python', 'sql', 'javascript']","['ai', 'statistics', 'data structures', 'machine learning', 'python', 'javascript']"
a0160,"['statistics', 'data structures', 'machine learning', 'python', 'sql', 'javascript']","['backend', 'statistics', 'data structures', 'python', 'sql', 'javascript']"
a0161,"['statistics', 'data structures', 'machine learning', 'python', 'sql', 'javascript']","['ai', 'statistics', 'data structures', 'machine learning', 'python', 'javascript']"
a0162,"['statistics', 'data structures', 'machine learning', 'python', 'sql', 'javascript']","['statistics', 'data structures', 'python']"
a0163,"['statistics', 'data structures', 'machine learning', 'python', 'sql', 'javascript']","['ai', 'statistics', 'data structures', 'machine learning', 'sql', 'javascript']"
a0164,"['statistics', 'data structures', 'machine learning', 'python', 'sql', 'javascript']","['ai', 'statistics', 'data structures', 'machine learning', 'python', 'javascript']"
a0165,"['ai', 'statistics', 'data structures', 'machine learning', 'python', 'sql', 'javascript']","['statistics', 'python', 'sql']"
a0166,"['statistics', 'data structures', 'machine learning', 'python', 'sql', 'javascript']","['statistics', 'data structures', 'python', 'sql', 'javascript']"
a0167,"['statistics', 'data structures', 'machine learning', 'python', 'sql', 'javascript']","['ai', 'statistics', 'data structures', 'machine learning', 'python', 'sql']"
a0168,"['statistics', 'data structures', 'machine learning', 'python', 'sql', 'javascript']","['ai', 'statistics', 'data structures', 'python', 'sql', 'javascript']"
a0169,"['statistics', 'data structures', 'machine learning', 'python', 'sql', 'javascript']","['backend', 'statistics', 'data structures', 'machine learning', 'python', 'sql', 'javascript']"
a0170,"['statistics', 'machine learning', 'python', 'sql', 'javascript']","['ai', 'statistics', 'data structures', 'machine learning', 'sql', 'javascript']"
a0171,"['statistics', 'data structures', 'python', 'sql', 'javascript']","['statistics', 'data structures', 'python']"
a0172,"['statistics', 'data structures', 'machine learning', 'python', 'sql', 'javascript']","['ai', 'statistics', 'data structures', 'machine learning', 'python', 'javascript']"
a0173,"['statistics', 'data structures', 'machine learning', 'python', 'sql', 'javascript']","['ai', 'statistics', 'data structures', 'machine learning', 'sql', 'javascript']"
a0174,"['ai', 'statistics', 'data structures', 'machine learning', 'python', 'sql', 'javascript']","['ai', 'data structures', 'machine learning', 'sql']"
a0175,"['ai', 'statistics', 'data structures', 'machine learning', 'python', 'sql', 'javascript']","['statistics', 'data structures', 'machine learning', 'python', 'sql', 'javascript']"
a0176,"['statistics', 'data structures', 'machine learning', 'python', 'sql', 'javascript']","['ai', 'data structures', 'machine learning', 'python', 'javascript']"
a0177,"['statistics', 'data structures', 'machine learning', 'python', 'sql', 'javascript']","['ai', 'statistics', 'python', 'javascript']"
a0178,"['ai', 'statistics', 'data structures', 'machine learning', 'python', 'sql', 'javascript']","['statistics', 'python', 'sql']"
a0179,"['statistics', 'data structures', 'machine learning', 'python', 'sql', 'javascript']","['statistics', 'data structures', 'python', 'sql', 'javascript']"
a0180,"['statistics', 'data structures', 'python', 'sql', 'javascript']","['statistics', 'data structures', 'python']"
a0181,"['statistics', 'data structures', 'machine learning', 'python', 'sql', 'javascript']","['statistics', 'data structures', 'machine learning', 'python', 'sql']"
a0182,"['statistics', 'data structures', 'python', 'sql', 'javascript']","['data structures', 'machine learning', 'sql', 'javascript']"
a0183,"['statistics', 'data structures', 'machine learning', 'python', 'sql', 'javascript']","['statistics', 'data structures', 'machine learning', 'python', 'sql']"
a0184,"['statistics', 'data structures', 'machine learning', 'python', 'sql', 'javascript']","['statistics', 'data structures', 'python', 'sql', 'javascript']"
a0185,"['ai', 'statistics', 'data structures', 'machine learning', 'python', 'sql', 'javascript']","['ai', 'data structures', 'sql']"
a0186,"['statistics', 'data structures', 'machine learning', 'python', 'sql', 'javascript']","['ai', 'statistics', 'data structures', 'machine learning', 'sql', 'javascript']"
a0187,"['statistics', 'data structures', 'machine learning', 'python', 'sql', 'javascript']","['cloud', 'machine learning', 'python', 'javascript']"
a0188,"['statistics', 'data structures', 'machine learning', 'python', 'sql', 'javascript']","['ai', 'statistics', 'data structures', 'python', 'sql', 'javascript']"
a0189,"['ai', 'statistics', 'data structures', 'machine learning', 'python', 'sql', 'javascript']","['ai', 'data structures', 'machine learning', 'python', 'javascript']"
a0190,"['statistics', 'data structures', 'python', 'sql', 'javascript']","['ai', 'statistics', 'data structures', 'machine learning', 'python', 'sql']"
a0191,"['statistics', 'data structures', 'machine learning', 'python', 'sql', 'javascript']","['ai', 'statistics', 'data structures', 'python', 'sql', 'javascript']"
a0192,"['ai', 'statistics', 'data structures', 'machine learning', 'python', 'javascript']","['ai', 'statistics', 'data structures', 'python', 'sql', 'javascript']"
a0193,"['statistics', 'data structures', 'machine learning', 'python', 'sql', 'javascript']","['ai', 'statistics', 'data structures', 'machine learning', 'python', 'sql']"
a0194,"['statistics', 'data structures', 'machine learning', 'python', 'sql', 'javascript']","['statistics', 'data structures', 'machine learning', 'python', 'sql']"
a0195,"['statistics', 'data structures', 'machine learning', 'sql', 'javascript']","['ai', 'statistics', 'machine learning', 'python', 'javascript']"
a0196,"['statistics', 'data structures', 'machine learning', 'python', 'javascript']","['statistics', 'data structures', 'machine learning', 'python', 'sql']"
a0197,"['statistics', 'data structures', 'machine learning', 'python', 'sql', 'javascript']","['ai', 'statistics', 'python', 'javascript']"
a0198,"['statistics', 'data structures', 'machine learning', 'python', 'sql', 'javascript']","['ai', 'data structures', 'sql']"
a0199,"['statistics', 'data structures', 'machine learning', 'python', 'sql', 'javascript']","['statistics', 'python', 'sql']"
a0200,"['statistics', 'data structures', 'python', 'sql', 'javascript']","['statistics', 'data structures', 'machine learning', 'python', 'sql']"
a0201,"['statistics', 'data structures', 'machine learning', 'python', 'sql', 'javascript']","['ai', 'statistics', 'data structures', 'machine learning', 'sql', 'javascript']"
a0202,"['statistics', 'data structures', 'machine learning', 'python', 'sql', 'javascript']","['statistics', 'data structures', 'machine learning', 'python', 'javascript']"
a0203,"['ai', 'statistics', 'data structures', 'machine learning', 'python', 'sql', 'javascript']","['backend', 'data structures', 'machine learning', 'python', 'sql', 'javascript']"
a0204,"['statistics', 'data structures', 'machine learning', 'python', 'sql', 'javascript']","['statistics', 'data structures', 'machine learning', 'python', 'sql']"
a0205,"['ai', 'statistics', 'data structures', 'machine learning', 'python', 'sql', 'javascript']","['statistics', 'data structures', 'machine learning', 'sql', 'javascript']"
a0206,"['statistics', 'data structures', 'machine learning', 'python', 'sql', 'javascript']","['statistics', 'python', 'sql']"
a0207,"['statistics', 'data structures', 'machine learning', 'python', 'sql', 'javascript']","['backend', 'statistics', 'data structures', 'python', 'sql', 'javascript']"
a0208,"['statistics', 'data structures', 'machine learning', 'python', 'sql', 'javascript']","['ai', 'statistics', 'data structures', 'machine learning', 'python', 'javascript']"
a0209,"['ai', 'statistics', 'data structures', 'machine learning', 'python', 'sql', 'javascript']","['ai', 'statistics', 'machine learning', 'python', 'javascript']"
a0210,"['statistics', 'data structures', 'machine learning', 'python', 'sql', 'javascript']","['statistics', 'data structures', 'machine learning', 'python', 'sql']"
a0211,"['ai', 'statistics', 'data structures', 'machine learning', 'python', 'sql', 'javascript']","['statistics', 'data structures', 'machine learning', 'sql', 'javascript']"
a0212,"['ai', 'statistics', 'data structures', 'machine learning', 'python', 'sql', 'javascript']","['statistics', 'data structures', 'machine learning', 'sql', 'javascript']"
a0213,"['statistics', 'data structures', 'machine learning', 'python', 'sql', 'javascript']","['backend', 'statistics', 'data structures', 'python', 'sql', 'javascript']"
a0214,"['statistics', 'data structures', 'machine learning', 'python', 'sql', 'javascript']","['statistics', 'data structures', 'machine learning', 'python', 'sql']"
a0215,"['ai', 'statistics', 'data structures', 'machine learning', 'python', 'sql', 'javascript']","['ai', 'statistics', 'data structures', 'machine learning', 'python', 'javascript']"
a0216,"['statistics', 'data structures', 'machine learning', 'python', 'sql']","['ai', 'statistics', 'python', 'sql', 'javascript']"
a0217,"['statistics', 'data structures', 'machine learning', 'python', 'sql', 'javascript']","['statistics', 'data structures', 'python', 'sql', 'javascript']"
a0218,"['statistics', 'data structures', 'machine learning', 'python', 'javascript']","['statistics', 'data structures', 'machine learning', 'sql', 'javascript']"
a0219,"['statistics', 'data structures', 'machine learning', 'python', 'sql', 'javascript']","['backend', 'statistics', 'data structures', 'machine learning', 'python', 'sql', 'javascript']"
a0220,"['statistics', 'data structures', 'machine learning', 'python', 'sql', 'javascript']","['statistics', 'data structures', 'machine learning', 'sql', 'javascript']"
a0221,"['ai', 'statistics', 'data structures', 'machine learning', 'python', 'sql', 'javascript']","['ai', 'statistics', 'machine learning', 'python', 'javascript']"
a0222,"['statistics', 'data structures', 'machine learning', 'python', 'sql', 'javascript']","['statistics', 'data structures', 'machine learning', 'python', 'javascript']"
a0223,"['statistics', 'data structures', 'machine learning', 'python', 'sql', 'javascript']","['statistics', 'data structures', 'machine learning', 'python', 'sql']"
a0224,"['statistics', 'data structures', 'machine learning', 'python', 'sql', 'javascript']","['ai', 'data structures', 'machine learning', 'python', 'javascript']"
a0225,"['statistics', 'data structures', 'machine learning', 'python', 'sql', 'javascript']","['statistics', 'data structures', 'machine learning', 'python', 'sql']"
a0226,"['statistics', 'data structures', 'machine learning', 'sql', 'javascript']","['statistics', 'data structures', 'machine learning', 'python', 'javascript']"
a0227,"['statistics', 'data structures', 'machine learning', 'python', 'sql', 'javascript']","['ai', 'statistics', 'data structures', 'machine learning', 'python', 'javascript']"
a0228,"['statistics', 'data structures', 'machine learning', 'python', 'sql', 'javascript']","['statistics', 'data structures', 'machine learning', 'python', 'sql']"
a0229,"['statistics', 'data structures', 'machine learning', 'python', 'sql', 'javascript']","['ai', 'statistics', 'data structures', 'python', 'sql', 'javascript']"
a0230,"['statistics', 'data structures', 'machine learning', 'python', 'sql', 'javascript']","['ai', 'statistics', 'data structures', 'machine learning', 'python', 'sql']"
a0231,"['statistics', 'data structures', 'machine learning', 'python', 'sql', 'javascript']","['ai', 'statistics', 'data structures', 'machine learning', 'python', 'javascript']"
a0232,"['ai', 'statistics', 'data structures', 'machine learning', 'python', 'sql', 'javascript']","['ai', 'statistics', 'data structures', 'machine learning', 'python', 'javascript']"
a0233,"['ai', 'statistics', 'data structures', 'machine learning', 'python', 'sql', 'javascript']","['data structures', 'machine learning', 'sql', 'javascript']"
a0234,"['statistics', 'data structures', 'machine learning', 'python', 'sql', 'javascript']","['backend', 'data structures', 'machine learning', 'python', 'sql', 'javascript']"
a0235,"['statistics', 'data structures', 'machine learning', 'python', 'sql', 'javascript']","['data structures', 'python', 'sql', 'javascript']"
a0236,"['statistics', 'data structures', 'machine learning', 'python', 'sql', 'javascript']","['ai', 'data structures', 'machine learning', 'sql']"
a0237,"['statistics', 'data structures', 'machine learning', 'python', 'sql', 'javascript']","['data structures', 'machine learning', 'python', 'sql', 'javascript']"
a0238,"['statistics', 'data structures', 'machine learning', 'python', 'sql', 'javascript']","['ai', 'statistics', 'python', 'sql', 'javascript']"
a0239,"['statistics', 'data structures', 'machine learning', 'python', 'sql', 'javascript']","['statistics', 'python', 'sql']"
a0240,"['statistics', 'data structures', 'machine learning', 'python', 'sql', 'javascript']","['statistics', 'data structures', 'machine learning', 'python', 'sql', 'javascript']"
a0241,"['statistics', 'data structures', 'machine learning', 'python', 'sql', 'javascript']","['statistics', 'data structures', 'machine learning', 'python', 'javascript']"
a0242,"['ai', 'statistics', 'data structures', 'machine learning', 'python', 'sql', 'javascript']","['statistics', 'data structures', 'machine learning', 'python', 'sql']"
a0243,"['statistics', 'data structures', 'python', 'sql', 'javascript']","['ai', 'statistics', 'data structures', 'machine learning', 'javascript']"
a0244,"['statistics', 'data structures', 'machine learning', 'python', 'sql', 'javascript']","['ai', 'statistics', 'data structures', 'python', 'sql', 'javascript']"
a0245,"['statistics', 'data structures', 'machine learning', 'python', 'sql', 'javascript']","['statistics', 'data structures', 'python', 'sql', 'javascript']"
a0246,"['statistics', 'data structures', 'machine learning', 'python', 'sql', 'javascript']","['statistics', 'data structures', 'machine learning', 'sql', 'javascript']"
a0247,"['statistics', 'data structures', 'machine learning', 'python', 'sql', 'javascript']","['backend', 'statistics', 'data structures', 'machine learning', 'python', 'sql', 'javascript']"
a0248,"['statistics', 'data structures', 'machine learning', 'python', 'sql', 'javascript']","['backend', 'data structures', 'machine learning', 'python', 'sql', 'javascript']"
a0249,"['ai', 'statistics', 'data structures', 'machine learning', 'python', 'sql', 'javascript']","['statistics', 'data structures', 'machine learning', 'python', 'sql']"
a0250,"['statistics', 'data structures', 'machine learning', 'python', 'sql', 'javascript']","['statistics', 'data structures', 'machine learning', 'sql', 'javascript']"
a0251,"['statistics', 'data structures', 'machine learning', 'python', 'sql', 'javascript']","['statistics', 'python', 'sql']"
a0252,"['statistics', 'data structures', 'machine learning', 'python', 'sql', 'javascript']","['backend', 'data structures', 'machine learning', 'python', 'sql', 'javascript']"
a0253,"['statistics', 'data structures', 'machine learning', 'python', 'sql', 'javascript']","['statistics', 'python', 'sql']"
a0254,"['statistics', 'data structures', 'machine learning', 'python', 'sql', 'javascript']","['ai', 'statistics', 'data structures', 'machine learning', 'python', 'sql']"
a0255,"['statistics', 'data structures', 'machine learning', 'python', 'sql', 'javascript']","['cloud', 'machine learning', 'python', 'javascript']"
a0256,"['ai', 'statistics', 'data structures', 'machine learning', 'python', 'sql', 'javascript']","['statistics', 'data structures', 'machine learning', 'python', 'javascript']"
a0257,"['statistics', 'data structures', 'machine learning', 'python', 'sql', 'javascript']","['backend', 'statistics', 'data structures', 'machine learning', 'python', 'sql', 'javascript']"
a0258,"['statistics', 'data structures', 'machine learning', 'python', 'sql', 'javascript']","['ai', 'statistics', 'data structures', 'python', 'sql', 'javascript']"
a0259,"['ai', 'statistics', 'data structures', 'machine learning', 'python', 'sql', 'javascript']","['ai', 'statistics', 'data structures', 'machine learning', 'javascript']"
a0260,"['statistics', 'machine learning', 'python', 'sql', 'javascript']","['statistics', 'data structures', 'machine learning', 'python', 'sql', 'javascript']"
a0261,"['statistics', 'data structures', 'python', 'sql', 'javascript']","['ai', 'javascript']"
a0262,"['statistics', 'data structures', 'machine learning', 'python', 'javascript']","['backend', 'statistics', 'data structures', 'machine learning', 'python', 'sql', 'javascript']"
a0263,"['statistics', 'data structures', 'machine learning', 'python', 'sql', 'javascript']","['backend', 'data structures', 'machine learning', 'python', 'sql', 'javascript']"
a0264,"['statistics', 'data structures', 'machine learning', 'python', 'sql', 'javascript']","['statistics', 'data structures', 'machine learning', 'sql', 'javascript']"
a0265,"['statistics', 'data structures', 'machine learning', 'python', 'sql']","['data structures', 'machine learning', 'sql', 'javascript']"
a0266,"['statistics', 'data structures', 'machine learning', 'python', 'sql', 'javascript']","['ai', 'javascript']"
a0267,"['statistics', 'data structures', 'machine learning', 'python', 'sql', 'javascript']","['statistics', 'data structures', 'machine learning', 'python', 'sql']"
a0268,"['statistics', 'data structures', 'machine learning', 'python', 'sql', 'javascript']","['ai', 'statistics', 'python', 'javascript']"
a0269,"['statistics', 'data structures', 'python', 'sql', 'javascript']","['statistics', 'data structures', 'machine learning', 'python', 'sql']"
a0270,"['statistics', 'machine learning', 'python', 'sql']","['ai', 'statistics', 'data structures', 'machine learning', 'python', 'javascript']"
a0271,"['statistics', 'data structures', 'python', 'sql', 'javascript']","['statistics', 'data structures', 'machine learning', 'sql', 'javascript']"
a0272,"['statistics', 'data structures', 'machine learning', 'python', 'sql', 'javascript']","['statistics', 'data structures', 'python']"
a0273,"['statistics', 'data structures', 'machine learning', 'python', 'sql', 'javascript']","['backend', 'statistics', 'data structures', 'python', 'sql', 'javascript']"
a0274,"['statistics', 'data structures', 'machine learning', 'python', 'sql', 'javascript']","['backend', 'statistics', 'data structures', 'machine learning', 'python', 'sql', 'javascript']"
a0275,"['statistics', 'data structures', 'python', 'sql', 'javascript']","['ai', 'data structures', 'machine learning', 'python', 'javascript']"
a0276,"['statistics', 'data structures', 'machine learning', 'python', 'sql', 'javascript']","['statistics', 'data structures', 'machine learning', 'sql', 'javascript']"
a0277,"['ai', 'statistics', 'data structures', 'machine learning', 'python', 'sql', 'javascript']","['ai', 'statistics', 'data structures', 'machine learning', 'javascript']"
a0278,"['statistics', 'data structures', 'machine learning', 'python', 'sql', 'javascript']","['statistics', 'data structures', 'machine learning', 'python', 'sql']"
a0279,"['statistics', 'data structures', 'python', 'sql', 'javascript']","['cloud', 'machine learning', 'python', 'javascript']"
a0280,"['statistics', 'data structures', 'machine learning', 'python', 'sql']","['ai', 'statistics', 'data structures', 'machine learning', 'python', 'javascript']"
a0281,"['statistics', 'data structures', 'machine learning', 'python', 'sql', 'javascript']","['ai', 'statistics', 'python', 'javascript']"
a0282,"['statistics', 'data structures', 'machine learning', 'python', 'sql', 'javascript']","['ai', 'statistics', 'data structures', 'machine learning', 'sql', 'javascript']"
a0283,"['statistics', 'data structures', 'machine learning', 'python', 'sql', 'javascript']","['ai', 'statistics', 'data structures', 'python', 'sql', 'javascript']"
a0284,"['ai', 'statistics', 'data structures', 'machine learning', 'python', 'sql', 'javascript']","['statistics', 'data structures', 'machine learning', 'python', 'sql']"
a0285,"['ai', 'statistics', 'data structures', 'machine learning', 'sql', 'javascript']","['ai', 'data structures', 'machine learning', 'python', 'javascript']"
a0286,"['statistics', 'data structures', 'machine learning', 'python', 'sql', 'javascript']","['backend', 'data structures', 'machine learning', 'python', 'sql', 'javascript']"
a0287,"['ai', 'statistics', 'data structures', 'machine learning', 'python', 'sql', 'javascript']","['statistics', 'data structures', 'machine learning', 'sql', 'javascript']"
a0288,"['statistics', 'data structures', 'machine learning', 'python', 'sql', 'javascript']","['statistics', 'python', 'sql']"
a0289,"['statistics', 'data structures', 'machine learning', 'python', 'sql', 'javascript']","['ai', 'statistics', 'data structures', 'machine learning', 'python', 'sql']"
a0290,"['ai', 'statistics', 'data structures', 'machine learning', 'python', 'sql', 'javascript']","['backend', 'statistics', 'data structures', 'python', 'sql', 'javascript']"
a0291,"['statistics', 'data structures', 'machine learning', 'python', 'sql', 'javascript']","['statistics', 'data structures', 'machine learning', 'python', 'sql']"
a0292,"['statistics', 'data structures', 'machine learning', 'python', 'sql', 'javascript']","['cloud', 'machine learning', 'python', 'javascript']"
a0293,"['statistics', 'data structures', 'machine learning', 'python', 'sql', 'javascript']","['ai', 'statistics', 'data structures', 'machine learning', 'python', 'javascript']"
a0294,"['ai', 'statistics', 'data structures', 'machine learning', 'python', 'sql', 'javascript']","['ai', 'statistics', 'data structures', 'machine learning', 'python', 'javascript']"
a0295,"['ai', 'statistics', 'data structures', 'machine learning', 'python', 'sql', 'javascript']","['ai', 'data structures', 'machine learning', 'python', 'javascript']"
a0296,"['statistics', 'data structures', 'machine learning', 'python', 'sql', 'javascript']","['ai', 'statistics', 'machine learning', 'python', 'javascript']"
a0297,"['ai', 'statistics', 'data structures', 'machine learning', 'python', 'sql', 'javascript']","['statistics', 'data structures', 'python']"
a0298,"['statistics', 'data structures', 'machine learning', 'python', 'sql', 'javascript']","['statistics', 'data structures', 'machine learning', 'python', 'sql']"
a0299,"['statistics', 'data structures', 'machine learning', 'python', 'sql', 'javascript']","['ai', 'statistics', 'machine learning', 'python', 'javascript']"
a0300,"['statistics', 'data structures', 'machine learning', 'python', 'sql']","['ai', 'statistics', 'data structures', 'python', 'sql', 'javascript']"
a0301,"['statistics', 'machine learning', 'python', 'sql', 'javascript']","['backend', 'statistics', 'data structures', 'python', 'sql', 'javascript']"
a0302,"['statistics', 'data structures', 'machine learning', 'python', 'sql', 'javascript']","['statistics', 'data structures', 'machine learning', 'python', 'sql', 'javascript']"
a0303,"['statistics', 'data structures', 'machine learning', 'python', 'sql', 'javascript']","['statistics', 'data structures', 'python', 'sql']"
a0304,"['statistics', 'data structures', 'machine learning', 'python', 'sql', 'javascript']","['data structures', 'python', 'sql', 'javascript']"
a0305,"['statistics', 'data structures', 'machine learning', 'python', 'sql', 'javascript']","['backend', 'data structures', 'machine learning', 'python', 'sql', 'javascript']"
a0306,"['ai', 'statistics', 'data structures', 'machine learning', 'sql', 'javascript']","['data structures', 'machine learning', 'python', 'sql', 'javascript']"
a0307,"['statistics', 'data structures', 'machine learning', 'python', 'sql', 'javascript']","['statistics', 'data structures', 'machine learning', 'python', 'javascript']"
a0308,"['statistics', 'data structures', 'machine learning', 'python', 'sql', 'javascript']","['statistics', 'data structures', 'machine learning', 'python', 'sql']"
a0309,"['ai', 'statistics', 'data structures', 'machine learning', 'python', 'sql', 'javascript']","['ai', 'statistics', 'data structures', 'machine learning', 'python', 'javascript']"
a0310,"['statistics', 'data structures', 'machine learning', 'python', 'sql', 'javascript']","['cloud', 'machine learning', 'python', 'javascript']"
a0311,"['statistics', 'machine learning', 'python', 'sql', 'javascript']","['ai', 'statistics', 'data structures', 'python', 'sql', 'javascript']"
a0312,"['statistics', 'data structures', 'machine learning', 'python', 'sql', 'javascript']","['statistics', 'data structures', 'machine learning', 'python', 'sql']"
a0313,"['statistics', 'data structures', 'machine learning', 'python', 'sql', 'javascript']","['statistics', 'data structures', 'machine learning', 'python', 'javascript']"
a0314,"['statistics', 'data structures', 'machine learning', 'python', 'sql']","['backend', 'statistics', 'data structures', 'machine learning', 'python', 'sql', 'javascript']"
a0315,"['statistics', 'machine learning', 'python', 'sql', 'javascript']","['ai', 'statistics', 'data structures', 'machine learning', 'python', 'javascript']"
a0316,"['statistics', 'data structures', 'machine learning', 'python', 'sql', 'javascript']","['statistics', 'data structures', 'machine learning', 'python', 'sql']"
a0317,"['statistics', 'data structures', 'machine learning', 'python', 'sql', 'javascript']","['data structures', 'machine learning', 'python', 'sql', 'javascript']"
a0318,"['statistics', 'data structures', 'machine learning', 'python', 'sql', 'javascript']","['data structures', 'machine learning', 'sql', 'javascript']"
a0319,"['statistics', 'data structures', 'python', 'sql', 'javascript']","['statistics', 'data structures', 'machine learning', 'python', 'sql']"
a0320,"['statistics', 'data structures', 'machine learning', 'python', 'sql', 'javascript']","['cloud', 'machine learning', 'python', 'javascript']"
a0321,"['statistics', 'data structures', 'machine learning', 'python', 'sql', 'javascript']","['backend', 'statistics', 'data structures', 'machine learning', 'python', 'sql', 'javascript']"
a0322,"['statistics', 'data structures', 'machine learning', 'python', 'sql', 'javascript']","['ai', 'data structures', 'machine learning', 'sql']"
a0323,"['statistics', 'data structures', 'machine learning', 'python', 'sql', 'javascript']","['ai', 'statistics', 'machine learning', 'python', 'javascript']"
a0324,"['data structures', 'machine learning', 'python', 'sql', 'javascript']","['ai', 'statistics', 'data structures', 'machine learning', 'python', 'sql']"
a0325,"['statistics', 'data structures', 'machine learning', 'python', 'sql', 'javascript']","['backend', 'statistics', 'data structures', 'python', 'sql', 'javascript']"
a0326,"['statistics', 'data structures', 'machine learning', 'python', 'sql', 'javascript']","['statistics', 'data structures', 'python', 'sql']"
a0327,"['statistics', 'data structures', 'machine learning', 'python', 'sql', 'javascript']","['ai', 'statistics', 'data structures', 'machine learning', 'sql', 'javascript']"
a0328,"['statistics', 'data structures', 'machine learning', 'python', 'sql', 'javascript']","['statistics', 'python', 'sql']"
a0329,"['statistics', 'data structures', 'machine learning', 'python', 'sql', 'javascript']","['statistics', 'data structures', 'machine learning', 'python', 'sql', 'javascript']"
a0330,"['statistics', 'data structures', 'machine learning', 'python', 'sql', 'javascript']","['ai', 'statistics', 'data structures', 'machine learning', 'sql', 'javascript']"
a0331,"['statistics', 'data structures', 'machine learning', 'python', 'javascript']","['ai', 'statistics', 'data structures', 'python', 'sql', 'javascript']"
a0332,"['statistics', 'data structures', 'machine learning', 'python', 'sql', 'javascript']","['ai', 'statistics', 'data structures', 'python', 'sql', 'javascript']"
a0333,"['ai', 'statistics', 'data structures', 'machine learning', 'python', 'sql', 'javascript']","['ai', 'statistics', 'data structures', 'machine learning', 'python', 'javascript']"
a0334,"['statistics', 'data structures', 'machine learning', 'python', 'sql', 'javascript']","['ai', 'statistics', 'data structures', 'python', 'sql', 'javascript']"
a0335,"['statistics', 'data structures', 'machine learning', 'python', 'javascript']","['ai', 'statistics', 'data structures', 'machine learning', 'python', 'sql']"
a0336,"['statistics', 'data structures', 'machine learning', 'python', 'sql', 'javascript']","['ai', 'statistics', 'machine learning', 'python', 'javascript']"
a0337,"['ai', 'statistics', 'data structures', 'machine learning', 'python', 'sql', 'javascript']","['statistics', 'data structures', 'machine learning', 'python', 'sql']"
a0338,"['ai', 'statistics', 'data structures', 'machine learning', 'python', 'sql', 'javascript']","['cloud', 'machine learning', 'python', 'javascript']"
a0339,"['ai', 'statistics', 'data structures', 'machine learning', 'python', 'sql', 'javascript']","['statistics', 'data structures', 'machine learning', 'python', 'javascript']"
a0340,"['statistics', 'data structures', 'machine learning', 'python', 'sql', 'javascript']","['ai', 'statistics', 'data structures', 'machine learning', 'python', 'javascript']"
a0341,"['statistics', 'data structures', 'machine learning', 'python', 'sql', 'javascript']","['ai', 'statistics', 'data structures', 'python', 'sql', 'javascript']"
a0342,"['statistics', 'data structures', 'machine learning', 'python', 'sql', 'javascript']","['ai', 'data structures', 'machine learning', 'python', 'javascript']"
a0343,"['statistics', 'data structures', 'machine learning', 'python', 'sql', 'javascript']","['ai', 'statistics', 'data structures', 'machine learning', 'python', 'sql']"
a0344,"['statistics', 'data structures', 'machine learning', 'python', 'sql', 'javascript']","['statistics', 'data structures', 'python']"
a0345,"['statistics', 'data structures', 'machine learning', 'python', 'sql', 'javascript']","['statistics', 'data structures', 'machine learning', 'python', 'sql']"
a0346,"['statistics', 'data structures', 'machine learning', 'python', 'sql', 'javascript']","['data structures', 'python', 'sql', 'javascript']"
a0347,"['statistics', 'data structures', 'machine learning', 'python', 'sql', 'javascript']","['statistics', 'data structures', 'machine learning', 'python', 'javascript']"
a0348,"['statistics', 'data structures', 'machine learning', 'python', 'sql', 'javascript']","['cloud', 'machine learning', 'python', 'javascript']"
a0349,"['statistics', 'data structures', 'machine learning', 'sql', 'javascript']","['ai', 'statistics', 'data structures', 'machine learning', 'javascript']"
a0350,"['statistics', 'data structures', 'machine learning', 'python', 'sql', 'javascript']","['backend', 'statistics', 'data structures', 'machine learning', 'python', 'sql', 'javascript']"
a0351,"['statistics', 'data structures', 'machine learning', 'python', 'sql', 'javascript']","['statistics', 'data structures', 'machine learning', 'sql', 'javascript']"
a0352,"['statistics', 'data structures', 'machine learning', 'python', 'sql', 'javascript']","['ai', 'statistics', 'data structures', 'python', 'sql', 'javascript']"
a0353,"['statistics', 'data structures', 'machine learning', 'python', 'sql', 'javascript']","['ai', 'statistics', 'data structures', 'python', 'sql', 'javascript']"
a0354,"['statistics', 'data structures', 'machine learning', 'python', 'sql', 'javascript']","['ai', 'data structures', 'machine learning', 'python', 'javascript']"
a0355,"['statistics', 'data structures', 'machine learning', 'python', 'javascript']","['statistics', 'data structures', 'machine learning', 'python', 'sql']"
a0356,"['statistics', 'data structures', 'python', 'sql', 'javascript']","['statistics', 'data structures', 'machine learning', 'sql', 'javascript']"
a0357,"['ai', 'statistics', 'data structures', 'machine learning', 'sql', 'javascript']","['ai', 'data structures', 'sql']"
a0358,"['statistics', 'data structures', 'machine learning', 'python', 'sql', 'javascript']","['ai', 'statistics', 'data structures', 'python', 'sql', 'javascript']"
a0359,"['statistics', 'data structures', 'python', 'sql', 'javascript']","['ai', 'javascript']"
a0360,"['statistics', 'data structures', 'machine learning', 'python', 'sql', 'javascript']","['data structures', 'python', 'sql', 'javascript']"
a0361,"['statistics', 'data structures', 'python', 'sql', 'javascript']","['data structures', 'python', 'sql', 'javascript']"
a0362,"['statistics', 'data structures', 'machine learning', 'python', 'sql', 'javascript']","['backend', 'data structures', 'machine learning', 'python', 'sql', 'javascript']"
a0363,"['statistics', 'data structures', 'machine learning', 'python', 'sql', 'javascript']","['ai', 'statistics', 'data structures', 'machine learning', 'sql', 'javascript']"
a0364,"['statistics', 'data structures', 'machine learning', 'python', 'sql', 'javascript']","['ai', 'statistics', 'data structures', 'machine learning', 'python', 'sql']"
a0365,"['statistics', 'data structures', 'machine learning', 'python', 'sql', 'javascript']","['ai', 'statistics', 'python', 'sql', 'javascript']"
a0366,"['statistics', 'data structures', 'machine learning', 'python', 'sql', 'javascript']","['statistics', 'data structures', 'machine learning', 'python', 'sql']"
a0367,"['statistics', 'data structures', 'machine learning', 'python', 'sql', 'javascript']","['ai', 'statistics', 'data structures', 'machine learning', 'javascript']"
a0368,"['statistics', 'data structures', 'machine learning', 'python', 'sql', 'javascript']","['statistics', 'data structures', 'machine learning', 'python', 'javascript']"
a0369,"['statistics', 'data structures', 'machine learning', 'python', 'sql', 'javascript']","['backend', 'statistics', 'data structures', 'python', 'sql', 'javascript']"
a0370,"['statistics', 'data structures', 'machine learning', 'python', 'sql', 'javascript']","['ai', 'statistics', 'data structures', 'machine learning', 'python', 'sql']"
a0371,"['statistics', 'machine learning', 'python', 'javascript']","['ai', 'statistics', 'data structures', 'machine learning', 'javascript']"
a0372,"['statistics', 'data structures', 'machine learning', 'python', 'sql', 'javascript']","['data structures', 'machine learning', 'sql', 'javascript']"
a0373,"['statistics', 'data structures', 'machine learning', 'python', 'sql', 'javascript']","['backend', 'data structures', 'machine learning', 'python', 'sql', 'javascript']"
a0374,"['statistics', 'data structures', 'machine learning', 'python', 'sql', 'javascript']","['statistics', 'data structures', 'machine learning', 'sql', 'javascript']"
a0375,"['statistics', 'data structures', 'python', 'sql', 'javascript']","['data structures', 'machine learning', 'sql', 'javascript']"
a0376,"['statistics', 'data structures', 'machine learning', 'python', 'sql', 'javascript']","['ai', 'statistics', 'data structures', 'machine learning', 'python', 'sql']"
a0377,"['statistics', 'machine learning', 'python', 'sql', 'javascript']","['statistics', 'data structures', 'machine learning', 'python', 'javascript']"
a0378,"['statistics', 'data structures', 'machine learning', 'python', 'sql', 'javascript']","['ai', 'statistics', 'data structures', 'machine learning', 'python', 'sql']"
a0379,"['statistics', 'data structures', 'machine learning', 'python', 'sql', 'javascript']","['ai', 'statistics', 'data structures', 'machine learning', 'sql', 'javascript']"
a0380,"['statistics', 'data structures', 'machine learning', 'python', 'sql', 'javascript']","['statistics', 'data structures', 'python', 'sql']"
a0381,"['statistics', 'data structures', 'machine learning', 'python', 'sql', 'javascript']","['backend', 'data structures', 'machine learning', 'python', 'sql', 'javascript']"
a0382,"['statistics', 'data structures', 'machine learning', 'sql', 'javascript']","['backend', 'statistics', 'data structures', 'python', 'sql', 'javascript']"
a0383,"['statistics', 'data structures', 'machine learning', 'python', 'sql', 'javascript']","['statistics', 'data structures', 'python']"
a0384,"['statistics', 'machine learning', 'python', 'sql', 'javascript']","['data structures', 'python', 'sql', 'javascript']"
a0385,"['statistics', 'data structures', 'machine learning', 'python', 'javascript']","['cloud', 'machine learning', 'python', 'javascript']"
a0386,"['statistics', 'data structures', 'machine learning', 'python', 'sql', 'javascript']","['ai', 'statistics', 'machine learning', 'python', 'javascript']"
a0387,"['statistics', 'data structures', 'machine learning', 'python', 'sql', 'javascript']","['statistics', 'data structures', 'machine learning', 'python', 'sql', 'javascript']"
a0388,"['statistics', 'data structures', 'machine learning', 'python', 'sql', 'javascript']","['ai', 'statistics', 'machine learning', 'python', 'javascript']"
a0389,"['statistics', 'data structures', 'machine learning', 'python', 'sql', 'javascript']","['ai', 'statistics', 'data structures', 'machine learning', 'python', 'javascript']"
a0390,"['statistics', 'data structures', 'machine learning', 'python', 'sql', 'javascript']","['data structures', 'python', 'sql', 'javascript']"
a0391,"['statistics', 'data structures', 'machine learning', 'python', 'sql', 'javascript']","['statistics', 'data structures', 'machine learning', 'python', 'sql', 'javascript']"
a0392,"['statistics', 'data structures', 'python', 'sql', 'javascript']","['ai', 'statistics', 'data structures', 'machine learning', 'sql', 'javascript']"
a0393,"['statistics', 'data structures', 'machine learning', 'python', 'sql', 'javascript']","['ai', 'data structures', 'sql']"
a0394,"['statistics', 'data structures', 'machine learning', 'python', 'sql', 'javascript']","['ai', 'statistics', 'python', 'javascript']"
a0395,"['statistics', 'data structures', 'machine learning', 'python', 'sql', 'javascript']","['statistics', 'data structures', 'python', 'sql']"
a0396,"['statistics', 'data structures', 'machine learning', 'python', 'sql', 'javascript']","['statistics', 'data structures', 'python', 'sql', 'javascript']"
a0397,"['ai', 'statistics', 'data structures', 'machine learning', 'python', 'sql', 'javascript']","['ai', 'statistics', 'data structures', 'machine learning', 'sql', 'javascript']"
a0398,"['ai', 'statistics', 'data structures', 'machine learning', 'python', 'sql', 'javascript']","['data structures', 'machine learning', 'sql', 'javascript']"
a0399,"['statistics', 'data structures', 'machine learning', 'python', 'sql', 'javascript']","['statistics', 'python', 'sql']"
a0400,"['statistics', 'data structures', 'machine learning', 'python', 'sql', 'javascript']","['backend', 'data structures', 'machine learning', 'python', 'sql', 'javascript']"
a0401,"['statistics', 'data structures', 'machine learning', 'python', 'sql', 'javascript']","['data structures', 'machine learning', 'python', 'sql', 'javascript']"
a0402,"['statistics', 'data structures', 'machine learning', 'python', 'sql', 'javascript']","['statistics', 'data structures', 'machine learning', 'sql', 'javascript']"
a0403,"['statistics', 'data structures', 'machine learning', 'python', 'javascript']","['ai', 'statistics', 'data structures', 'machine learning', 'sql', 'javascript']"
a0404,"['statistics', 'data structures', 'machine learning', 'python', 'sql', 'javascript']","['ai', 'statistics', 'machine learning', 'python', 'javascript']"
a0405,"['statistics', 'data structures', 'machine learning', 'python', 'sql', 'javascript']","['ai', 'statistics', 'data structures', 'machine learning', 'python', 'sql']"
a0406,"['statistics', 'machine learning', 'python', 'sql']","['data structures', 'python', 'sql', 'javascript']"
a0407,"['statistics', 'data structures', 'machine learning', 'python', 'sql', 'javascript']","['backend', 'statistics', 'data structures', 'machine learning', 'python', 'sql', 'javascript']"
a0408,"['statistics', 'data structures', 'machine learning', 'python', 'sql', 'javascript']","['ai', 'data structures', 'machine learning', 'python', 'javascript']"
a0409,"['statistics', 'data structures', 'python', 'sql', 'javascript']","['statistics', 'data structures', 'machine learning', 'python', 'sql']"
a0410,"['statistics', 'data structures', 'machine learning', 'python', 'sql', 'javascript']","['ai', 'statistics', 'data structures', 'python', 'sql', 'javascript']"
a0411,"['statistics', 'data structures', 'machine learning', 'python', 'sql', 'javascript']","['cloud', 'machine learning', 'python', 'javascript']"
a0412,"['statistics', 'data structures', 'machine learning', 'python', 'sql', 'javascript']","['data structures', 'machine learning', 'sql', 'javascript']"
a0413,"['statistics', 'data structures', 'machine learning', 'python', 'sql', 'javascript']","['ai', 'statistics', 'python', 'javascript']"
a0414,"['statistics', 'data structures', 'machine learning', 'python', 'sql', 'javascript']","['python', 'javascript']"
a0415,"['ai', 'statistics', 'data structures', 'machine learning', 'python', 'sql', 'javascript']","['ai', 'statistics', 'data structures', 'python', 'sql', 'javascript']"
a0416,"['data structures', 'machine learning', 'python', 'sql', 'javascript']","['ai', 'data structures', 'sql']"
a0417,"['statistics', 'data structures', 'machine learning', 'python', 'sql', 'javascript']","['backend', 'statistics', 'data structures', 'machine learning', 'python', 'sql', 'javascript']"
a0418,"['statistics', 'data structures', 'machine learning', 'python', 'sql', 'javascript']","['statistics', 'data structures', 'machine learning', 'python', 'sql']"
a0419,"['statistics', 'machine learning', 'python', 'sql', 'javascript']","['ai', 'data structures', 'machine learning', 'sql']"
a0420,"['statistics', 'data structures', 'machine learning', 'python', 'sql', 'javascript']","['statistics', 'data structures', 'python']"
a0421,"['statistics', 'data structures', 'machine learning', 'python', 'sql', 'javascript']","['ai', 'statistics', 'data structures', 'python', 'sql', 'javascript']"
a0422,"['statistics', 'data structures', 'machine learning', 'python', 'sql', 'javascript']","['ai', 'data structures', 'machine learning', 'python', 'javascript']"
a0423,"['statistics', 'data structures', 'machine learning', 'python', 'sql', 'javascript']","['statistics', 'data structures', 'machine learning', 'python', 'sql']"
a0424,"['statistics', 'data structures', 'machine learning', 'python', 'sql', 'javascript']","['ai', 'data structures', 'machine learning', 'sql']"
a0425,"['ai', 'statistics', 'data structures', 'machine learning', 'python', 'sql', 'javascript']","['data structures', 'machine learning', 'python', 'sql', 'javascript']"
a0426,"['statistics', 'data structures', 'machine learning', 'python', 'sql', 'javascript']","['statistics', 'data structures', 'machine learning', 'python', 'sql']"
a0427,"['statistics', 'data structures', 'machine learning', 'python', 'sql', 'javascript']","['statistics', 'data structures', 'machine learning', 'python', 'javascript']"
a0428,"['statistics', 'machine learning', 'python', 'sql', 'javascript']","['statistics', 'data structures', 'python']"
a0429,"['ai', 'statistics', 'data structures', 'machine learning', 'python', 'sql', 'javascript']","['statistics', 'data structures', 'machine learning', 'python', 'javascript']"
a0430,"['ai', 'statistics', 'data structures', 'machine learning', 'python', 'sql', 'javascript']","['ai', 'statistics', 'data structures', 'python', 'sql', 'javascript']"
a0431,"['statistics', 'data structures', 'machine learning', 'python', 'javascript']","['ai', 'statistics', 'python', 'sql', 'javascript']"
a0432,"['statistics', 'data structures', 'machine learning', 'python', 'sql', 'javascript']","['ai', 'statistics', 'data structures', 'machine learning', 'python', 'sql']"
a0433,"['statistics', 'data structures', 'machine learning', 'python', 'sql', 'javascript']","['statistics', 'data structures', 'machine learning', 'python', 'javascript']"
a0434,"['statistics', 'data structures', 'machine learning', 'python', 'javascript']","['ai', 'javascript']"
a0435,"['statistics', 'data structures', 'machine learning', 'sql', 'javascript']","['ai', 'statistics', 'data structures', 'machine learning', 'sql', 'javascript']"
a0436,"['statistics', 'data structures', 'machine learning', 'python', 'sql', 'javascript']","['ai', 'statistics', 'data structures', 'machine learning', 'sql', 'javascript']"
a0437,"['statistics', 'data structures', 'machine learning', 'python', 'sql', 'javascript']","['ai', 'statistics', 'data structures', 'python', 'sql', 'javascript']"
a0438,"['statistics', 'data structures', 'machine learning', 'python', 'sql', 'javascript']","['python', 'javascript']"
a0439,"['statistics', 'data structures', 'python', 'sql', 'javascript']","['ai', 'statistics', 'data structures', 'machine learning', 'python', 'javascript']"
a0440,"['ai', 'statistics', 'data structures', 'machine learning', 'python', 'sql', 'javascript']","['statistics', 'data structures', 'machine learning', 'sql', 'javascript']"
a0441,"['statistics', 'data structures', 'machine learning', 'python', 'sql', 'javascript']","['backend', 'statistics', 'data structures', 'machine learning', 'python', 'sql', 'javascript']"
a0442,"['statistics', 'data structures', 'machine learning', 'python', 'sql', 'javascript']","['ai', 'statistics', 'data structures', 'python', 'sql', 'javascript']"
a0443,"['statistics', 'data structures', 'machine learning', 'python', 'sql', 'javascript']","['python', 'javascript']"
a0444,"['statistics', 'machine learning', 'python', 'sql', 'javascript']","['statistics', 'data structures', 'machine learning', 'sql', 'javascript']"
a0445,"['statistics', 'data structures', 'machine learning', 'python', 'sql', 'javascript']","['python', 'javascript']"
a0446,"['statistics', 'data structures', 'machine learning', 'python', 'sql', 'javascript']","['ai', 'data structures', 'machine learning', 'sql']"
a0447,"['statistics', 'data structures', 'machine learning', 'python', 'sql', 'javascript']","['backend', 'statistics', 'data structures', 'machine learning', 'python', 'sql', 'javascript']"
a0448,"['statistics', 'data structures', 'machine learning', 'python', 'sql', 'javascript']","['backend', 'statistics', 'data structures', 'machine learning', 'python', 'sql', 'javascript']"
a0449,"['statistics', 'data structures', 'machine learning', 'python', 'sql', 'javascript']","['ai', 'statistics', 'data structures', 'machine learning', 'python', 'javascript']"
a0450,"['ai', 'statistics', 'data structures', 'machine learning', 'python', 'sql', 'javascript']","['statistics', 'data structures', 'machine learning', 'sql', 'javascript']"
a0451,"['ai', 'statistics', 'data structures', 'machine learning', 'python', 'sql', 'javascript']","['ai', 'data structures', 'machine learning', 'sql']"
a0452,"['statistics', 'data structures', 'machine learning', 'python', 'sql', 'javascript']","['backend', 'statistics', 'data structures', 'python', 'sql', 'javascript']"
a0453,"['statistics', 'data structures', 'machine learning', 'python', 'sql', 'javascript']","['backend', 'statistics', 'data structures', 'machine learning', 'python', 'sql', 'javascript']"
a0454,"['ai', 'statistics', 'data structures', 'machine learning', 'python', 'sql', 'javascript']","['statistics', 'data structures', 'machine learning', 'sql', 'javascript']"
a0455,"['statistics', 'data structures', 'machine learning', 'python', 'javascript']","['ai', 'statistics', 'data structures', 'machine learning', 'python', 'javascript']"
a0456,"['statistics', 'data structures', 'machine learning', 'python', 'sql', 'javascript']","['ai', 'statistics', 'python', 'sql', 'javascript']"
a0457,"['statistics', 'data structures', 'machine learning', 'python', 'sql', 'javascript']","['statistics', 'data structures', 'machine learning', 'python', 'sql']"
a0458,"['statistics', 'data structures', 'machine learning', 'python', 'sql', 'javascript']","['statistics', 'data structures', 'machine learning', 'python', 'sql']"
a0459,"['statistics', 'data structures', 'machine learning', 'python', 'sql', 'javascript']","['ai', 'statistics', 'data structures', 'python', 'sql', 'javascript']"
a0460,"['statistics', 'data structures', 'machine learning', 'python', 'sql', 'javascript']","['ai', 'data structures', 'sql']"
a0461,"['statistics', 'data structures', 'python', 'sql', 'javascript']","['ai', 'data structures', 'sql']"
a0462,"['statistics', 'data structures', 'machine learning', 'python', 'sql', 'javascript']","['ai', 'statistics', 'machine learning', 'python', 'javascript']"
a0463,"['ai', 'statistics', 'data structures', 'machine learning', 'python', 'sql', 'javascript']","['data structures', 'machine learning', 'sql', 'javascript']"
a0464,"['statistics', 'data structures', 'machine learning', 'python', 'sql', 'javascript']","['backend', 'statistics', 'data structures', 'machine learning', 'python', 'sql', 'javascript']"
a0465,"['statistics', 'data structures', 'machine learning', 'python', 'sql', 'javascript']","['data structures', 'machine learning', 'python', 'sql', 'javascript']"
a0466,"['ai', 'statistics', 'data structures', 'machine learning', 'python', 'sql', 'javascript']","['ai', 'data structures', 'machine learning', 'python', 'javascript']"
a0467,"['ai', 'statistics', 'data structures', 'machine learning', 'python', 'sql', 'javascript']","['ai', 'data structures', 'sql']"
a0468,"['statistics', 'data structures', 'machine learning', 'python', 'sql', 'javascript']","['backend', 'statistics', 'data structures', 'machine learning', 'python', 'sql', 'javascript']"
a0469,"['statistics', 'data structures', 'machine learning', 'python', 'sql', 'javascript']","['ai', 'statistics', 'data structures', 'machine learning', 'python', 'sql']"
a0470,"['ai', 'statistics', 'data structures', 'machine learning', 'python', 'sql', 'javascript']","['ai', 'statistics', 'python', 'sql', 'javascript']"
a0471,"['statistics', 'data structures', 'machine learning', 'python', 'sql', 'javascript']","['ai', 'statistics', 'python', 'sql', 'javascript']"
a0472,"['statistics', 'data structures', 'machine learning', 'python', 'sql', 'javascript']","['statistics', 'data structures', 'machine learning', 'python', 'sql']"
a0473,"['statistics', 'machine learning', 'python', 'sql', 'javascript']","['python', 'javascript']"
a0474,"['statistics', 'data structures', 'machine learning', 'python', 'sql', 'javascript']","['statistics', 'data structures', 'machine learning', 'python', 'sql', 'javascript']"
a0475,"['statistics', 'machine learning', 'python', 'javascript']","['ai', 'statistics', 'data structures', 'machine learning', 'python', 'javascript']"
a0476,"['statistics', 'data structures', 'machine learning', 'python', 'sql', 'javascript']","['ai', 'statistics', 'data structures', 'machine learning', 'sql', 'javascript']"
a0477,"['statistics', 'data structures', 'machine learning', 'python', 'sql', 'javascript']","['backend', 'statistics', 'data structures', 'machine learning', 'python', 'sql', 'javascript']"
a0478,"['statistics', 'data structures', 'machine learning', 'python', 'sql', 'javascript']","['python', 'javascript']"
a0479,"['ai', 'statistics', 'data structures', 'machine learning', 'python', 'sql', 'javascript']","['cloud', 'machine learning', 'python', 'javascript']"
a0480,"['statistics', 'data structures', 'machine learning', 'python', 'sql', 'javascript']","['ai', 'statistics', 'python', 'javascript']"
a0481,"['ai', 'statistics', 'data structures', 'machine learning', 'python', 'sql', 'javascript']","['ai', 'statistics', 'data structures', 'machine learning', 'javascript']"
a0482,"['ai', 'statistics', 'data structures', 'machine learning', 'python', 'sql', 'javascript']","['ai', 'statistics', 'data structures', 'machine learning', 'python', 'javascript']"
a0483,"['statistics', 'data structures', 'machine learning', 'python', 'sql', 'javascript']","['statistics', 'data structures', 'machine learning', 'python', 'sql', 'javascript']"
a0484,"['statistics', 'data structures', 'machine learning', 'python', 'sql']","['statistics', 'data structures', 'python']"
a0485,"['statistics', 'data structures', 'machine learning', 'python', 'sql', 'javascript']","['ai', 'statistics', 'data structures', 'machine learning', 'python', 'javascript']"
a0486,"['ai', 'statistics', 'data structures', 'machine learning', 'python', 'sql', 'javascript']","['statistics', 'data structures', 'machine learning', 'python', 'sql']"
a0487,"['statistics', 'data structures', 'machine learning', 'python', 'sql', 'javascript']","['statistics', 'data structures', 'machine learning', 'python', 'javascript']"
a0488,"['statistics', 'data structures', 'machine learning', 'python', 'sql', 'javascript']","['statistics', 'data structures', 'python']"
a0489,"['statistics', 'data structures', 'machine learning', 'python', 'sql', 'javascript']","['ai', 'data structures', 'sql']"
a0490,"['ai', 'statistics', 'data structures', 'machine learning', 'sql', 'javascript']","['data structures', 'machine learning', 'python', 'sql', 'javascript']"
a0491,"['statistics', 'data structures', 'machine learning', 'python', 'sql', 'javascript']","['ai', 'statistics', 'data structures', 'machine learning', 'python', 'javascript']"
a0492,"['statistics', 'data structures', 'machine learning', 'python', 'sql', 'javascript']","['ai', 'statistics', 'python', 'javascript']"
a0493,"['ai', 'statistics', 'data structures', 'machine learning', 'python', 'sql', 'javascript']","['cloud', 'machine learning', 'python', 'javascript']"
a0494,"['statistics', 'data structures', 'machine learning', 'python', 'sql', 'javascript']","['cloud', 'machine learning', 'python', 'javascript']"
a0495,"['statistics', 'data structures', 'machine learning', 'python', 'sql', 'javascript']","['data structures', 'machine learning', 'sql', 'javascript']"
a0496,"['statistics', 'data structures', 'machine learning', 'python', 'sql', 'javascript']","['ai', 'statistics', 'data structures', 'machine learning', 'javascript']"
a0497,"['statistics', 'data structures', 'machine learning', 'python', 'sql', 'javascript']","['ai', 'statistics', 'data structures', 'python', 'sql', 'javascript']"
a0498,"['ai', 'statistics', 'data structures', 'machine learning', 'python', 'sql', 'javascript']","['data structures', 'machine learning', 'sql', 'javascript']"
a0499,"['statistics', 'data structures', 'machine learning', 'python', 'sql', 'javascript']","['statistics', 'data structures', 'python']"
